system:index,B3,B4,GVI,NDVI,NLI,estimateLAI,.geo,
1,0.053457133,0.039059266,3.138407879,0.699875037,0.112297861,1121.927612,"{""type"":""MultiPoint"",""coordinates"":[]}",
2,0.022062358,0.009950795,6.067018173,0.880013956,0.419106492,1760.643677,"{""type"":""MultiPoint"",""coordinates"":[]}",
3,0.032733914,0.013966266,5.497254847,0.876757463,0.528161063,1958.892456,"{""type"":""MultiPoint"",""coordinates"":[]}",
4,0.013408701,0.004349189,5.305416023,0.902151768,0.243452102,1545.211304,"{""type"":""MultiPoint"",""coordinates"":[]}",
6,0.034888677,0.014608823,5.892003061,0.885448712,0.596588493,1970.026733,"{""type"":""MultiPoint"",""coordinates"":[]}",
7,0.052751414,0.023501776,4.678768675,0.85450738,0.584920266,1432.463501,"{""type"":""MultiPoint"",""coordinates"":[]}",
8,0.043349784,0.018368388,5.6392178,0.8800146,0.636996316,1718.690918,"{""type"":""MultiPoint"",""coordinates"":[]}",
9,0.03104376,0.014439178,5.792281903,0.871821036,0.509707524,1930.710938,"{""type"":""MultiPoint"",""coordinates"":[]}",
11,0.049533814,0.030239929,3.86737995,0.777106595,0.315599394,1432.092041,"{""type"":""MultiPoint"",""coordinates"":[]}",
12,0.029065948,0.010895523,6.038656525,0.89887242,0.586904583,1777.436279,"{""type"":""MultiPoint"",""coordinates"":[]}",
13,0.037215065,0.013189706,6.202315392,0.906197978,0.689771763,2090.746094,"{""type"":""MultiPoint"",""coordinates"":[]}",
14,0.034259621,0.016035203,6.969563193,0.889056386,0.645955131,2298.068359,"{""type"":""MultiPoint"",""coordinates"":[]}",
18,0.025765482,0.012305784,5.54028089,0.863888582,0.395331512,1913.788208,"{""type"":""MultiPoint"",""coordinates"":[]}",
22,0.033299204,0.019250425,5.435790849,0.835154474,0.409294971,1659.552734,"{""type"":""MultiPoint"",""coordinates"":[]}",
23,0.038342882,0.017281765,6.117734129,0.880895995,0.623343479,2125.303223,"{""type"":""MultiPoint"",""coordinates"":[]}",
24,0.024651645,0.010812174,6.232705474,0.885652173,0.492414587,2049.23291,"{""type"":""MultiPoint"",""coordinates"":[]}",
26,0.04303693,0.025700947,4.844069207,0.814575337,0.42218203,1462.311646,"{""type"":""MultiPoint"",""coordinates"":[]}",
30,0.019577805,0.009376699,5.603957813,0.864760152,0.281282416,1767.622559,"{""type"":""MultiPoint"",""coordinates"":[]}",
31,0.02356549,0.014975851,3.065249162,0.729617837,-0.24006092,1417.638672,"{""type"":""MultiPoint"",""coordinates"":[]}",
32,0.055750474,0.032291509,4.224365209,0.800393912,0.448594601,1367.626587,"{""type"":""MultiPoint"",""coordinates"":[]}",
33,0.038852487,0.027070163,3.498057364,0.731753999,0.060250926,1287.849243,"{""type"":""MultiPoint"",""coordinates"":[]}",
34,0.032739971,0.013364385,6.481898817,0.896529068,0.635690931,1974.036133,"{""type"":""MultiPoint"",""coordinates"":[]}",
35,0.057753593,0.063763589,1.491140617,0.385813476,-0.509861466,397.7140808,"{""type"":""MultiPoint"",""coordinates"":[]}",
36,0.022021996,0.010106196,6.229351612,0.880619701,0.429871582,1939.187256,"{""type"":""MultiPoint"",""coordinates"":[]}",
37,0.028641183,0.013441228,7.288954567,0.892833123,0.614878768,2143.233398,"{""type"":""MultiPoint"",""coordinates"":[]}",
38,0.031507347,0.02241024,3.76211646,0.740098651,0.002276311,1403.117798,"{""type"":""MultiPoint"",""coordinates"":[]}",
40,0.037927747,0.017157087,5.272283922,0.865461352,0.534725902,1571.398926,"{""type"":""MultiPoint"",""coordinates"":[]}",
45,0.044019334,0.026319947,4.244126317,0.795305251,0.338764689,1514.448853,"{""type"":""MultiPoint"",""coordinates"":[]}",
46,0.037793476,0.016632065,5.343258806,0.870247428,0.551117771,1964.366821,"{""type"":""MultiPoint"",""coordinates"":[]}",
48,0.032806668,0.011891646,5.975471792,0.901204946,0.62989137,1853.947632,"{""type"":""MultiPoint"",""coordinates"":[]}",
50,0.011182749,0.004030811,6.787934509,0.911528708,0.305964111,1640.184692,"{""type"":""MultiPoint"",""coordinates"":[]}",
51,0.042796385,0.019177467,4.584875854,0.851446845,0.497343357,1512.661743,"{""type"":""MultiPoint"",""coordinates"":[]}",
53,0.027916417,0.016218793,4.335468622,0.803606107,0.155360309,1609.918335,"{""type"":""MultiPoint"",""coordinates"":[]}",
55,0.032134373,0.012788964,5.774226539,0.889020569,0.574947678,1824.445679,"{""type"":""MultiPoint"",""coordinates"":[]}",
56,0.012923125,0.005922993,5.942224977,0.876137548,0.152151392,1690.283813,"{""type"":""MultiPoint"",""coordinates"":[]}",
57,0.054613609,0.066611335,1.944509257,0.414204004,-0.440692392,458.8526917,"{""type"":""MultiPoint"",""coordinates"":[]}",
58,0.03625641,0.01914157,5.00007028,0.838251131,0.424016263,1713.73938,"{""type"":""MultiPoint"",""coordinates"":[]}",
60,0.032401688,0.013693988,6.484613628,0.893102615,0.622271723,2299.511963,"{""type"":""MultiPoint"",""coordinates"":[]}",
61,0.016284473,0.007154442,4.7350303,0.857688736,0.098738019,1677.573975,"{""type"":""MultiPoint"",""coordinates"":[]}",
62,0.03444754,0.014877579,6.823921879,0.895372892,0.66000259,1889.539551,"{""type"":""MultiPoint"",""coordinates"":[]}",
64,0.037420664,0.014164411,5.937875864,0.896528692,0.652692236,1748.021973,"{""type"":""MultiPoint"",""coordinates"":[]}",
65,0.052243985,0.02345282,4.06968086,0.837310091,0.49889179,1399.971313,"{""type"":""MultiPoint"",""coordinates"":[]}",
67,0.021205347,0.012660962,4.985062191,0.818580043,0.119802625,1664.711304,"{""type"":""MultiPoint"",""coordinates"":[]}",
69,0.042727266,0.019955264,5.000721391,0.855579609,0.534263468,1611.886597,"{""type"":""MultiPoint"",""coordinates"":[]}",
72,0.071387783,0.083524197,1.014725243,0.265240002,-0.602992566,67.70482635,"{""type"":""MultiPoint"",""coordinates"":[]}",
73,0.033296667,0.013964243,5.699733699,0.882179684,0.561757575,1785.313721,"{""type"":""MultiPoint"",""coordinates"":[]}",
77,0.017291972,0.007366919,5.075749198,0.868949386,0.199460132,1707.993164,"{""type"":""MultiPoint"",""coordinates"":[]}",
79,0.040236037,0.024449613,4.438864363,0.7990068,0.324034603,1588.049805,"{""type"":""MultiPoint"",""coordinates"":[]}",
83,0.037010245,0.016218394,6.032436686,0.882683939,0.613663859,1673.682129,"{""type"":""MultiPoint"",""coordinates"":[]}",
84,0.033987843,0.017951421,4.733604339,0.831302867,0.358039195,1793.576416,"{""type"":""MultiPoint"",""coordinates"":[]}",
86,0.035055716,0.013917414,6.139766362,0.894647661,0.636442138,2073.502441,"{""type"":""MultiPoint"",""coordinates"":[]}",
88,0.028993351,0.013935688,4.852269803,0.84820554,0.347670907,1821.54126,"{""type"":""MultiPoint"",""coordinates"":[]}",
89,0.042935383,0.021440778,4.704545074,0.839013621,0.473393172,1587.301147,"{""type"":""MultiPoint"",""coordinates"":[]}",
93,0.043674719,0.02771683,4.481036892,0.792460692,0.347999819,1490.550171,"{""type"":""MultiPoint"",""coordinates"":[]}",
95,0.031298939,0.015657458,6.102691643,0.868404909,0.518807504,2121.094971,"{""type"":""MultiPoint"",""coordinates"":[]}",
96,0.054291412,0.02092563,6.001321555,0.895642467,0.746985448,1878.441528,"{""type"":""MultiPoint"",""coordinates"":[]}",
97,0.043654852,0.018999433,5.626970835,0.876746654,0.629978216,1735.003906,"{""type"":""MultiPoint"",""coordinates"":[]}",
98,0.024450719,0.010951702,6.663559353,0.889561508,0.52448817,2156.236572,"{""type"":""MultiPoint"",""coordinates"":[]}",
99,0.029937003,0.015613635,5.0941443,0.842329555,0.361381229,1778.627808,"{""type"":""MultiPoint"",""coordinates"":[]}",
100,0.033838298,0.012071518,8.179081971,0.925178711,0.77757923,2349.904053,"{""type"":""MultiPoint"",""coordinates"":[]}",
101,0.052435245,0.042307373,2.919823404,0.658597132,-7.33E-04,1056.422729,"{""type"":""MultiPoint"",""coordinates"":[]}",
103,0.045982827,0.017956346,5.575428967,0.887882555,0.671658344,1927.219482,"{""type"":""MultiPoint"",""coordinates"":[]}",
104,0.053991463,0.034063511,3.977064936,0.774996855,0.358945816,1344.176758,"{""type"":""MultiPoint"",""coordinates"":[]}",
105,0.045399047,0.027493445,3.531400671,0.764222041,0.212387935,1226.485718,"{""type"":""MultiPoint"",""coordinates"":[]}",
106,0.032731961,0.013628649,5.583766151,0.881039113,0.546231411,1816.665894,"{""type"":""MultiPoint"",""coordinates"":[]}",
107,0.036342885,0.0144972,5.984830129,0.891951468,0.632686819,2043.299316,"{""type"":""MultiPoint"",""coordinates"":[]}",
109,0.026315847,0.013310658,5.149418614,0.847997904,0.326020258,1912.727051,"{""type"":""MultiPoint"",""coordinates"":[]}",
111,0.058601599,0.077352189,1.148735085,0.238927363,-0.659778201,142.315918,"{""type"":""MultiPoint"",""coordinates"":[]}",
117,0.034378033,0.017471233,5.301655465,0.850743225,0.457444446,1663.246094,"{""type"":""MultiPoint"",""coordinates"":[]}",
119,0.012573526,0.005768981,6.455001551,0.884045992,0.207304653,1570.99646,"{""type"":""MultiPoint"",""coordinates"":[]}",
120,0.042111922,0.016234081,5.672571305,0.890763771,0.658919786,1872.115967,"{""type"":""MultiPoint"",""coordinates"":[]}",
121,0.033326011,0.01513199,5.973225114,0.877732043,0.562260712,2254.304199,"{""type"":""MultiPoint"",""coordinates"":[]}",
122,0.031625178,0.012069603,6.486192002,0.902985948,0.645643175,1919.863037,"{""type"":""MultiPoint"",""coordinates"":[]}",
123,0.030027319,0.013161734,5.258565676,0.869095881,0.457009029,1853.955933,"{""type"":""MultiPoint"",""coordinates"":[]}",
124,0.026284968,0.012152942,7.75107158,0.899634869,0.626424815,2273.452881,"{""type"":""MultiPoint"",""coordinates"":[]}",
126,0.037324369,0.014564627,6.067378741,0.895350295,0.65383058,1884.478638,"{""type"":""MultiPoint"",""coordinates"":[]}",
127,0.030561449,0.012556616,5.818208663,0.88632995,0.551360995,2102.050781,"{""type"":""MultiPoint"",""coordinates"":[]}",
129,0.016025061,0.007215182,6.768948725,0.890440903,0.364718231,1823.230591,"{""type"":""MultiPoint"",""coordinates"":[]}",
130,0.027073039,0.015851872,5.242671637,0.828498591,0.286202614,1841.620728,"{""type"":""MultiPoint"",""coordinates"":[]}",
131,0.045398373,0.027296189,4.003701709,0.785454634,0.308062247,1403.13501,"{""type"":""MultiPoint"",""coordinates"":[]}",
132,0.048999712,0.021188136,4.871675919,0.862814926,0.592400342,1634.558838,"{""type"":""MultiPoint"",""coordinates"":[]}",
133,0.038077366,0.029235855,2.379732647,0.629755226,-0.276749883,1233.582397,"{""type"":""MultiPoint"",""coordinates"":[]}",
134,0.024775045,0.015163596,4.606183174,0.803143093,0.119802466,1604.195557,"{""type"":""MultiPoint"",""coordinates"":[]}",
136,0.053996228,0.063681789,2.276995374,0.47070161,-0.340789778,565.1430664,"{""type"":""MultiPoint"",""coordinates"":[]}",
140,0.02979647,0.016775912,4.258097059,0.806560473,0.188044741,1589.165527,"{""type"":""MultiPoint"",""coordinates"":[]}",
141,0.034067571,0.011900055,6.450220362,0.910428573,0.68815383,2147.731201,"{""type"":""MultiPoint"",""coordinates"":[]}",
144,0.034679972,0.012326817,6.755327717,0.912352408,0.708803988,2180.092041,"{""type"":""MultiPoint"",""coordinates"":[]}",
145,0.040678877,0.021324428,5.766539559,0.856197639,0.560728065,1744.768555,"{""type"":""MultiPoint"",""coordinates"":[]}",
146,0.013797369,0.004969035,6.008924312,0.902255296,0.306041221,1758.524658,"{""type"":""MultiPoint"",""coordinates"":[]}",
147,0.017826768,0.010164042,4.987866057,0.826119469,0.057068412,1559.779663,"{""type"":""MultiPoint"",""coordinates"":[]}",
148,0.02281286,0.012684926,5.022828545,0.830961038,0.196218516,1725.889404,"{""type"":""MultiPoint"",""coordinates"":[]}",
149,0.017183239,0.008514885,5.035356488,0.848249081,0.116255762,1665.79248,"{""type"":""MultiPoint"",""coordinates"":[]}",
150,0.046006199,0.019151293,5.509697932,0.879792695,0.648094653,1799.544312,"{""type"":""MultiPoint"",""coordinates"":[]}",
152,0.035450097,0.01584255,5.130949322,0.864120512,0.497703108,1830.830933,"{""type"":""MultiPoint"",""coordinates"":[]}",
154,0.022756062,0.011459963,5.291204404,0.851768972,0.282757551,1811.980225,"{""type"":""MultiPoint"",""coordinates"":[]}",
155,0.028513039,0.015763197,4.732167367,0.824076081,0.257789016,1801.143311,"{""type"":""MultiPoint"",""coordinates"":[]}",
156,0.033309221,0.014584367,6.37951832,0.887980751,0.611109266,2137.216309,"{""type"":""MultiPoint"",""coordinates"":[]}",
160,0.031521402,0.014039412,5.730971078,0.875872238,0.524533948,1840.779541,"{""type"":""MultiPoint"",""coordinates"":[]}",
164,0.043322988,0.016521657,5.089888185,0.882137097,0.616351168,1732.793579,"{""type"":""MultiPoint"",""coordinates"":[]}",
165,0.030969458,0.013026266,5.991236754,0.886501654,0.565102023,2019.156738,"{""type"":""MultiPoint"",""coordinates"":[]}",
167,0.054917913,0.021207197,4.923220152,0.877591262,0.666084557,1651.898926,"{""type"":""MultiPoint"",""coordinates"":[]}",
169,0.012508177,0.004426314,6.137773106,0.905528471,0.285924417,1650.366089,"{""type"":""MultiPoint"",""coordinates"":[]}",
170,0.043310493,0.020546131,5.625656542,0.86636949,0.600628921,1647.628052,"{""type"":""MultiPoint"",""coordinates"":[]}",
172,0.028116694,0.012329701,4.789782932,0.859185087,0.364941701,1649.725586,"{""type"":""MultiPoint"",""coordinates"":[]}",
174,0.040856201,0.019555688,5.500079464,0.862826901,0.565826402,1782.758789,"{""type"":""MultiPoint"",""coordinates"":[]}",
175,0.031866368,0.014037847,5.957990373,0.880915977,0.555765845,2072.139648,"{""type"":""MultiPoint"",""coordinates"":[]}",
176,0.016568746,0.00727292,5.875859754,0.879982147,0.281746652,1587.404785,"{""type"":""MultiPoint"",""coordinates"":[]}",
177,0.0377893,0.015865803,5.355096635,0.87605832,0.568512654,1821.000977,"{""type"":""MultiPoint"",""coordinates"":[]}",
178,0.031761255,0.015775995,4.345708409,0.829965607,0.292610505,1730.133423,"{""type"":""MultiPoint"",""coordinates"":[]}",
179,0.025414493,0.012155119,4.417861317,0.837766608,0.218678572,1625.96582,"{""type"":""MultiPoint"",""coordinates"":[]}",
180,0.031307086,0.014937827,6.89527188,0.886021154,0.607079044,2186.405273,"{""type"":""MultiPoint"",""coordinates"":[]}",
182,0.038016163,0.016266987,4.90075068,0.864774705,0.511415321,1637.447021,"{""type"":""MultiPoint"",""coordinates"":[]}",
183,0.062776268,0.076862104,0.696962551,0.161768342,-0.742696865,-6.959600925,"{""type"":""MultiPoint"",""coordinates"":[]}",
184,0.030326907,0.013130344,6.871099424,0.895723244,0.625440973,2048.614746,"{""type"":""MultiPoint"",""coordinates"":[]}",
185,0.031105809,0.014517541,4.888073896,0.853113986,0.395891232,1642.895752,"{""type"":""MultiPoint"",""coordinates"":[]}",
187,0.062535904,0.044465102,3.187764545,0.709711153,0.213349492,1225.890625,"{""type"":""MultiPoint"",""coordinates"":[]}",
188,0.034684017,0.015358637,5.807536932,0.877849814,0.568018569,1786.333252,"{""type"":""MultiPoint"",""coordinates"":[]}",
190,0.025200041,0.012136995,5.84631436,0.868550787,0.420705826,1892.534912,"{""type"":""MultiPoint"",""coordinates"":[]}",
191,0.0375228,0.017590135,4.249441,0.836038229,0.376112267,1773.293213,"{""type"":""MultiPoint"",""coordinates"":[]}",
193,0.018564325,0.008896805,5.037713791,0.852924563,0.170851249,1658.403564,"{""type"":""MultiPoint"",""coordinates"":[]}",
194,0.023039021,0.012080472,5.116566443,0.842085512,0.243524544,1728.583618,"{""type"":""MultiPoint"",""coordinates"":[]}",
195,0.015032037,0.005499938,7.752538997,0.919749024,0.517765189,2053.982666,"{""type"":""MultiPoint"",""coordinates"":[]}",
196,0.052487548,0.020764723,4.95047936,0.875320942,0.648984535,1725.296753,"{""type"":""MultiPoint"",""coordinates"":[]}",
197,0.025155211,0.01373094,4.871805624,0.829891509,0.227473767,1681.591919,"{""type"":""MultiPoint"",""coordinates"":[]}",
198,0.022738609,0.012172801,5.026351569,0.836829717,0.213395767,1732.809814,"{""type"":""MultiPoint"",""coordinates"":[]}",
199,0.040004823,0.015907593,5.194699123,0.879362467,0.588532583,1724.912476,"{""type"":""MultiPoint"",""coordinates"":[]}",
200,0.03752701,0.013555977,5.831291358,0.899553326,0.658002794,2034.795898,"{""type"":""MultiPoint"",""coordinates"":[]}",
202,0.011170274,0.00660204,7.39657862,0.868477548,0.142536182,1478.899658,"{""type"":""MultiPoint"",""coordinates"":[]}",
203,0.031336457,0.014579154,5.97556675,0.874947592,0.532423772,2115.495117,"{""type"":""MultiPoint"",""coordinates"":[]}",
205,0.026845092,0.013753701,4.329614485,0.824601117,0.196250929,1682.125977,"{""type"":""MultiPoint"",""coordinates"":[]}",
207,0.040274229,0.033399973,3.113609516,0.664444001,-0.09782864,1068.696899,"{""type"":""MultiPoint"",""coordinates"":[]}",
208,0.125550166,0.127214134,-0.031479032,-0.022571915,-0.791745844,-296.9193115,"{""type"":""MultiPoint"",""coordinates"":[]}",
210,0.031176932,0.013547085,7.958742711,0.907482074,0.704079628,2387.833984,"{""type"":""MultiPoint"",""coordinates"":[]}",
212,0.038272548,0.01623564,4.698310902,0.861426024,0.491032995,1946.682129,"{""type"":""MultiPoint"",""coordinates"":[]}",
214,0.030779492,0.0161447,5.095069573,0.841522739,0.371062978,1733.19165,"{""type"":""MultiPoint"",""coordinates"":[]}",
215,0.051413581,0.023251714,4.585456598,0.850191925,0.560115499,1550.499268,"{""type"":""MultiPoint"",""coordinates"":[]}",
216,0.049069326,0.022777354,5.11737718,0.858943195,0.596442184,1614.825928,"{""type"":""MultiPoint"",""coordinates"":[]}",
218,0.055853941,0.031142786,4.222974876,0.807085685,0.464189481,1367.033325,"{""type"":""MultiPoint"",""coordinates"":[]}",
220,0.008364184,0.004625975,4.147591341,0.805963015,-0.427826816,1337.632935,"{""type"":""MultiPoint"",""coordinates"":[]}",
223,0.039318923,0.02153738,3.529545384,0.784231585,0.19117342,1495.734375,"{""type"":""MultiPoint"",""coordinates"":[]}",
225,0.028494103,0.014927916,4.357939109,0.821860007,0.219168419,1666.264771,"{""type"":""MultiPoint"",""coordinates"":[]}",
226,0.025863737,0.013073568,6.079306395,0.866712452,0.438880929,1955.643799,"{""type"":""MultiPoint"",""coordinates"":[]}",
228,0.033485472,0.013292593,5.754530138,0.888983798,0.587502756,2009.399658,"{""type"":""MultiPoint"",""coordinates"":[]}",
230,0.03046241,0.012754692,5.228175421,0.874015247,0.476734422,1771.422241,"{""type"":""MultiPoint"",""coordinates"":[]}",
231,0.033720426,0.013566731,5.738417001,0.887314377,0.583821565,1929.607056,"{""type"":""MultiPoint"",""coordinates"":[]}",
232,0.025544254,0.009869223,5.553509718,0.888655552,0.47910726,1744.285889,"{""type"":""MultiPoint"",""coordinates"":[]}",
234,0.055473126,0.053409249,2.168070226,0.533853106,-0.267202007,778.3691406,"{""type"":""MultiPoint"",""coordinates"":[]}",
236,0.02754068,0.012009959,6.471556948,0.889706456,0.558067261,1934.937988,"{""type"":""MultiPoint"",""coordinates"":[]}",
238,0.05469298,0.047919445,3.616795178,0.680989743,0.141835065,1051.920044,"{""type"":""MultiPoint"",""coordinates"":[]}",
239,0.024161207,0.012609523,4.550757514,0.82811742,0.175735568,1637.362183,"{""type"":""MultiPoint"",""coordinates"":[]}",
240,0.045461424,0.028326483,3.975535623,0.777413753,0.287300075,1447.823486,"{""type"":""MultiPoint"",""coordinates"":[]}",
243,0.049940076,0.043080259,1.79256617,0.527994193,-0.377915267,848.5118408,"{""type"":""MultiPoint"",""coordinates"":[]}",
244,0.030248009,0.029016566,0.996688153,0.350949901,-0.77665732,914.2543945,"{""type"":""MultiPoint"",""coordinates"":[]}",
245,0.033521958,0.014713526,5.605807068,0.875389947,0.538392064,1876.227905,"{""type"":""MultiPoint"",""coordinates"":[]}",
247,0.034543324,0.011926463,5.969162763,0.905594476,0.658664971,1750.309204,"{""type"":""MultiPoint"",""coordinates"":[]}",
248,0.024151139,0.010174526,6.709597777,0.896373977,0.546218835,2077.062744,"{""type"":""MultiPoint"",""coordinates"":[]}",
251,0.027936865,0.010072242,6.716347979,0.91072402,0.643731063,2058.610352,"{""type"":""MultiPoint"",""coordinates"":[]}",
254,0.045190979,0.036415208,3.273340532,0.682699896,0.011921879,1081.768921,"{""type"":""MultiPoint"",""coordinates"":[]}",
255,0.064919055,0.0308052,4.058050187,0.828464053,0.555570327,1357.885498,"{""type"":""MultiPoint"",""coordinates"":[]}",
256,0.029233309,0.014709934,4.172859585,0.822696833,0.217085339,1540.274048,"{""type"":""MultiPoint"",""coordinates"":[]}",
257,0.023780786,0.011170216,4.496090454,0.842530588,0.209273858,1700.012817,"{""type"":""MultiPoint"",""coordinates"":[]}",
260,0.041367829,0.025519416,4.594020204,0.801352677,0.354520159,1393.545044,"{""type"":""MultiPoint"",""coordinates"":[]}",
261,0.037506476,0.015485689,5.930080329,0.887543888,0.627055755,2008.017456,"{""type"":""MultiPoint"",""coordinates"":[]}",
262,0.038356431,0.016720206,5.696965665,0.877772659,0.595657963,1825.455811,"{""type"":""MultiPoint"",""coordinates"":[]}",
264,0.023044644,0.011022023,4.692651608,0.844986377,0.219170141,1733.379639,"{""type"":""MultiPoint"",""coordinates"":[]}",
265,0.02285078,0.012847264,5.707625637,0.845327117,0.292947285,1799.58313,"{""type"":""MultiPoint"",""coordinates"":[]}",
267,0.049777471,0.024777187,4.021926745,0.819642248,0.432149549,1519.502563,"{""type"":""MultiPoint"",""coordinates"":[]}",
268,0.027926147,0.014514236,5.550176299,0.852972322,0.394917416,1738.965576,"{""type"":""MultiPoint"",""coordinates"":[]}",
269,0.020194955,0.010624475,4.199465343,0.816229185,0.018528727,1514.92334,"{""type"":""MultiPoint"",""coordinates"":[]}",
270,0.024895893,0.009943452,4.751813592,0.870139057,0.346871843,1819.210205,"{""type"":""MultiPoint"",""coordinates"":[]}",
272,0.028746059,0.014756732,5.683417782,0.857339253,0.428781608,1815.866943,"{""type"":""MultiPoint"",""coordinates"":[]}",
274,0.019804323,0.011140047,5.965015968,0.850546881,0.261436154,1883.558105,"{""type"":""MultiPoint"",""coordinates"":[]}",
277,0.012213336,0.007436241,6.122339917,0.842492187,0.008704205,1631.877686,"{""type"":""MultiPoint"",""coordinates"":[]}",
278,0.03909687,0.018986458,5.903380338,0.86855444,0.586499289,1675.348877,"{""type"":""MultiPoint"",""coordinates"":[]}",
279,0.031332504,0.022934286,3.677852583,0.729393939,-0.032687307,1146.831299,"{""type"":""MultiPoint"",""coordinates"":[]}",
280,0.025050577,0.012520719,5.365368952,0.85439067,0.34009416,1668.674438,"{""type"":""MultiPoint"",""coordinates"":[]}",
281,0.027642563,0.01277877,5.337877299,0.864036791,0.412093517,1932.321411,"{""type"":""MultiPoint"",""coordinates"":[]}",
282,0.05678181,0.026756343,4.049268379,0.829285449,0.508864253,1414.345215,"{""type"":""MultiPoint"",""coordinates"":[]}",
283,0.054260492,0.051163003,0.779895286,0.307396,-0.691609822,584.5455322,"{""type"":""MultiPoint"",""coordinates"":[]}",
284,0.02671464,0.011171799,7.021549104,0.900899747,0.60864695,1934.304199,"{""type"":""MultiPoint"",""coordinates"":[]}",
286,0.032964088,0.012072378,6.876872726,0.911143105,0.696263876,2104.544434,"{""type"":""MultiPoint"",""coordinates"":[]}",
287,0.026591377,0.010036481,6.665656333,0.906147102,0.610893906,1983.111328,"{""type"":""MultiPoint"",""coordinates"":[]}",
288,0.026314769,0.01202834,6.73706397,0.888434023,0.550181946,2220.682129,"{""type"":""MultiPoint"",""coordinates"":[]}",
290,0.031158686,0.014473761,6.372286497,0.88145226,0.569494628,2014.369751,"{""type"":""MultiPoint"",""coordinates"":[]}",
291,0.0382897,0.017128436,4.658958236,0.853483048,0.465392747,1590.93811,"{""type"":""MultiPoint"",""coordinates"":[]}",
293,0.036267705,0.012951849,6.014047709,0.903104074,0.66645926,1877.891968,"{""type"":""MultiPoint"",""coordinates"":[]}",
295,0.032908514,0.019915931,5.139968566,0.820555515,0.344256582,1617.651733,"{""type"":""MultiPoint"",""coordinates"":[]}",
296,0.042971574,0.015715798,6.120215232,0.902290047,0.7125111,1938.998291,"{""type"":""MultiPoint"",""coordinates"":[]}",
298,0.040608205,0.038636107,2.734481934,0.593916926,-0.253726786,867.3076172,"{""type"":""MultiPoint"",""coordinates"":[]}",
300,0.037744727,0.016253144,4.98311354,0.865723181,0.516655104,1804.446289,"{""type"":""MultiPoint"",""coordinates"":[]}",
302,0.047135249,0.035904698,3.78383962,0.725280996,0.172219277,1369.333618,"{""type"":""MultiPoint"",""coordinates"":[]}",
305,0.040335514,0.021979891,3.713660665,0.79274794,0.243748459,1576.621094,"{""type"":""MultiPoint"",""coordinates"":[]}",
307,0.04430664,0.018969104,4.90564455,0.864809792,0.566096544,1878.809692,"{""type"":""MultiPoint"",""coordinates"":[]}",
308,0.009479528,0.005999189,4.032809533,0.776599177,-0.449901548,1206.735352,"{""type"":""MultiPoint"",""coordinates"":[]}",
313,0.030500093,0.01251466,6.763960956,0.899608125,0.635085926,2245.408691,"{""type"":""MultiPoint"",""coordinates"":[]}",
314,0.051890019,0.02181573,4.802504264,0.864879504,0.612068788,1603.946533,"{""type"":""MultiPoint"",""coordinates"":[]}",
318,0.022677979,0.010280014,7.950894474,0.903595438,0.600653794,2334.704102,"{""type"":""MultiPoint"",""coordinates"":[]}",
320,0.032161765,0.017792825,4.096509145,0.804157613,0.203191128,1576.459595,"{""type"":""MultiPoint"",""coordinates"":[]}",
322,0.027642563,0.01277877,5.337877299,0.864036791,0.412093517,1932.321411,"{""type"":""MultiPoint"",""coordinates"":[]}",
324,0.047109138,0.022253979,4.035563928,0.828469223,0.433220496,1582.805054,"{""type"":""MultiPoint"",""coordinates"":[]}",
325,0.039170567,0.015723318,5.612888975,0.885546183,0.62030223,1817.027222,"{""type"":""MultiPoint"",""coordinates"":[]}",
326,0.048279133,0.063460499,1.58069106,0.325082258,-0.606919433,279.4650879,"{""type"":""MultiPoint"",""coordinates"":[]}",
328,0.03035089,0.013910019,6.064815818,0.87816049,0.535461183,1843.986328,"{""type"":""MultiPoint"",""coordinates"":[]}",
329,0.027047271,0.012061875,6.743793168,0.891094249,0.568683734,2247.913818,"{""type"":""MultiPoint"",""coordinates"":[]}",
331,0.025036884,0.013156164,5.683503087,0.854217467,0.360681907,1885.342285,"{""type"":""MultiPoint"",""coordinates"":[]}",
333,0.015829246,0.008620769,5.186516725,0.838181574,0.05321638,1640.232056,"{""type"":""MultiPoint"",""coordinates"":[]}",
335,0.04217051,0.015881728,5.417715807,0.889140554,0.643615148,1887.420288,"{""type"":""MultiPoint"",""coordinates"":[]}",
336,0.031381104,0.013508445,5.814670005,0.881171481,0.543949985,1781.565552,"{""type"":""MultiPoint"",""coordinates"":[]}",
337,0.043515578,0.026839677,4.023943929,0.781310748,0.280768343,1310.203857,"{""type"":""MultiPoint"",""coordinates"":[]}",
338,0.037641183,0.016943205,5.694369129,0.873994102,0.578732244,1927.662476,"{""type"":""MultiPoint"",""coordinates"":[]}",
339,0.049738914,0.065391809,1.847142324,0.368212101,-0.530594854,368.5552673,"{""type"":""MultiPoint"",""coordinates"":[]}",
341,0.033157293,0.017177092,4.801910053,0.836059472,0.365989062,1809.769897,"{""type"":""MultiPoint"",""coordinates"":[]}",
342,0.033309165,0.015221897,6.591646059,0.886443286,0.615442801,2293.446533,"{""type"":""MultiPoint"",""coordinates"":[]}",
344,0.023985371,0.010803464,5.751689052,0.874920265,0.41648002,1798.578369,"{""type"":""MultiPoint"",""coordinates"":[]}",
347,0.106119074,0.11184328,-0.016188093,-0.034415083,-0.822399292,-264.4581909,"{""type"":""MultiPoint"",""coordinates"":[]}",
348,0.028246064,0.017833404,5.308068389,0.818037169,0.280633238,1837.42041,"{""type"":""MultiPoint"",""coordinates"":[]}",
349,0.03962281,0.017935812,4.759278131,0.854260125,0.487625045,1827.079834,"{""type"":""MultiPoint"",""coordinates"":[]}",
350,0.034695994,0.016195286,5.887497309,0.873059715,0.558117126,1792.459961,"{""type"":""MultiPoint"",""coordinates"":[]}",
351,0.059813004,0.031235628,4.368551223,0.822698519,0.534999807,1542.220703,"{""type"":""MultiPoint"",""coordinates"":[]}",
352,0.0220163,0.012905494,4.891815598,0.819024527,0.131870597,1708.577271,"{""type"":""MultiPoint"",""coordinates"":[]}",
353,0.03089143,0.01587397,5.076667967,0.844060142,0.378850914,1718.764404,"{""type"":""MultiPoint"",""coordinates"":[]}",
357,0.017653853,0.010828804,4.951908452,0.813140095,0.009683196,1570.321411,"{""type"":""MultiPoint"",""coordinates"":[]}",
358,0.04378815,0.017438596,5.601342216,0.88620787,0.654662819,1936.221558,"{""type"":""MultiPoint"",""coordinates"":[]}",
362,0.018761372,0.008247161,6.362900431,0.88732253,0.39646012,1768.263306,"{""type"":""MultiPoint"",""coordinates"":[]}",
363,0.039714552,0.018410426,4.824219472,0.852549501,0.487980712,1922.579224,"{""type"":""MultiPoint"",""coordinates"":[]}",
364,0.025481919,0.012041681,7.36652108,0.893075313,0.581113697,2328.630859,"{""type"":""MultiPoint"",""coordinates"":[]}",
367,0.026256207,0.013750627,4.299065549,0.820116853,0.16936524,1607.349121,"{""type"":""MultiPoint"",""coordinates"":[]}",
369,0.025278628,0.011519356,5.079213284,0.860535022,0.344282292,1876.565063,"{""type"":""MultiPoint"",""coordinates"":[]}",
370,0.033440534,0.012630596,5.663012881,0.892708875,0.594373596,1692.133423,"{""type"":""MultiPoint"",""coordinates"":[]}",
372,0.031811651,0.016689558,5.202452053,0.844022678,0.399881657,1523.938477,"{""type"":""MultiPoint"",""coordinates"":[]}",
373,0.04977661,0.01984483,5.107411071,0.877444707,0.646463301,1694.0271,"{""type"":""MultiPoint"",""coordinates"":[]}",
374,0.038104635,0.016851058,4.463448055,0.850235281,0.440081323,1690.497314,"{""type"":""MultiPoint"",""coordinates"":[]}",
375,0.02508042,0.010312088,5.710629109,0.884534397,0.466231389,1776.790039,"{""type"":""MultiPoint"",""coordinates"":[]}",
376,0.034774218,0.015331331,6.489729912,0.888815109,0.631304502,2141.084717,"{""type"":""MultiPoint"",""coordinates"":[]}",
377,0.059689976,0.040664524,3.374475891,0.730499414,0.252793851,1228.796997,"{""type"":""MultiPoint"",""coordinates"":[]}",
378,0.034291893,0.018408405,4.465246014,0.821123094,0.312250232,1730.543579,"{""type"":""MultiPoint"",""coordinates"":[]}",
379,0.050044153,0.022741873,4.996889149,0.859118509,0.596801853,1612.797729,"{""type"":""MultiPoint"",""coordinates"":[]}",
380,0.029287908,0.013772373,6.811188447,0.88643484,0.583347434,1985.155151,"{""type"":""MultiPoint"",""coordinates"":[]}",
381,0.042458851,0.021142831,4.983995909,0.846354872,0.506563276,1569.83313,"{""type"":""MultiPoint"",""coordinates"":[]}",
382,0.038541343,0.023134191,4.678959793,0.808815396,0.348702719,1401.76123,"{""type"":""MultiPoint"",""coordinates"":[]}",
384,0.037488285,0.01580523,5.229649162,0.873225556,0.550640766,1737.034668,"{""type"":""MultiPoint"",""coordinates"":[]}",
385,0.04190401,0.019082922,4.998524606,0.858877691,0.536067227,1747.017578,"{""type"":""MultiPoint"",""coordinates"":[]}",
388,0.049940076,0.043080259,1.79256617,0.527994193,-0.377915267,848.5118408,"{""type"":""MultiPoint"",""coordinates"":[]}",
390,0.032483708,0.011951699,7.245644758,0.91456995,0.714398219,2112.69873,"{""type"":""MultiPoint"",""coordinates"":[]}",
391,0.027266053,0.010794156,6.69967273,0.902197543,0.606546871,2324.329834,"{""type"":""MultiPoint"",""coordinates"":[]}",
395,0.047851708,0.024916064,5.693321614,0.855643962,0.609158993,1734.877563,"{""type"":""MultiPoint"",""coordinates"":[]}",
399,0.028366337,0.015741192,6.787515724,0.866963374,0.51219943,2145.73877,"{""type"":""MultiPoint"",""coordinates"":[]}",
400,0.023080222,0.010750492,6.889534262,0.888505064,0.51031809,2033.285889,"{""type"":""MultiPoint"",""coordinates"":[]}",
401,0.052096739,0.0425191,3.375331686,0.685578935,0.099896062,1012.487061,"{""type"":""MultiPoint"",""coordinates"":[]}",
403,0.05443709,0.043573696,2.584655007,0.634926458,-0.06729466,917.8831177,"{""type"":""MultiPoint"",""coordinates"":[]}",
405,0.052337419,0.021589179,5.321258427,0.877483019,0.670502864,1773.927124,"{""type"":""MultiPoint"",""coordinates"":[]}",
406,0.046010472,0.019599991,5.712909128,0.880656726,0.659121799,1616.261963,"{""type"":""MultiPoint"",""coordinates"":[]}",
408,0.038439836,0.024067039,4.372343091,0.791246941,0.278503704,1473.346558,"{""type"":""MultiPoint"",""coordinates"":[]}",
409,0.028233543,0.012659566,5.798022506,0.876245637,0.488477171,1795.833252,"{""type"":""MultiPoint"",""coordinates"":[]}",
410,0.021965126,0.013818549,3.683058133,0.763142752,-0.132689153,1381.226807,"{""type"":""MultiPoint"",""coordinates"":[]}",
415,0.034376319,0.015547695,6.483550562,0.886015899,0.619529693,2304.985352,"{""type"":""MultiPoint"",""coordinates"":[]}",
419,0.028176989,0.033779815,1.754607366,0.393520298,-0.697301472,614.3721313,"{""type"":""MultiPoint"",""coordinates"":[]}",
421,0.056910459,0.066059187,2.27410643,0.476531048,-0.310979194,561.2279053,"{""type"":""MultiPoint"",""coordinates"":[]}",
422,0.035108317,0.017697332,4.406967529,0.82944538,0.341281149,1838.751709,"{""type"":""MultiPoint"",""coordinates"":[]}",
425,0.040781979,0.019490423,6.093231235,0.873752967,0.622172564,1979.594727,"{""type"":""MultiPoint"",""coordinates"":[]}",
427,0.035846576,0.012938539,7.296394738,0.916615904,0.74476102,2247.917236,"{""type"":""MultiPoint"",""coordinates"":[]}",
428,0.014710344,0.005750223,5.961608376,0.893669826,0.291737653,1762.361206,"{""type"":""MultiPoint"",""coordinates"":[]}",
429,0.101382285,0.113194689,0.06173892,-0.025146108,-0.814288063,-253.7705841,"{""type"":""MultiPoint"",""coordinates"":[]}",
430,0.015055595,0.007394225,5.46875612,0.858868904,0.123866849,1591.493896,"{""type"":""MultiPoint"",""coordinates"":[]}",
431,0.045128781,0.017204255,5.97564017,0.896361907,0.70415188,1702.644653,"{""type"":""MultiPoint"",""coordinates"":[]}",
432,0.030831138,0.010914587,7.712604459,0.921908722,0.737222765,2223.07373,"{""type"":""MultiPoint"",""coordinates"":[]}",
433,0.029907133,0.015620033,5.371566497,0.848478149,0.398435327,1947.669678,"{""type"":""MultiPoint"",""coordinates"":[]}",
436,0.031771306,0.017120501,5.073750681,0.837018617,0.370087011,1896.276245,"{""type"":""MultiPoint"",""coordinates"":[]}",
437,0.031154297,0.012457745,6.697332438,0.90123198,0.643882169,2112.514404,"{""type"":""MultiPoint"",""coordinates"":[]}",
438,0.03198548,0.015353142,5.860411154,0.869216246,0.516468623,2082.281982,"{""type"":""MultiPoint"",""coordinates"":[]}",
440,0.028174691,0.013692581,4.713091191,0.843206186,0.308493509,1726.571655,"{""type"":""MultiPoint"",""coordinates"":[]}",
441,0.00961043,0.003853072,6.799603862,0.902219481,0.186403857,1641.55481,"{""type"":""MultiPoint"",""coordinates"":[]}",
442,0.030887403,0.01572731,5.98564732,0.864124457,0.494975524,1963.955933,"{""type"":""MultiPoint"",""coordinates"":[]}",
443,0.043589324,0.016087433,6.157552056,0.9019299,0.716338491,2040.249634,"{""type"":""MultiPoint"",""coordinates"":[]}",
444,0.019894142,0.009552377,5.38209851,0.86005765,0.25583781,1829.666992,"{""type"":""MultiPoint"",""coordinates"":[]}",
446,0.036797538,0.016380377,4.343250962,0.846192819,0.404774208,1727.939697,"{""type"":""MultiPoint"",""coordinates"":[]}",
448,0.020444781,0.012125075,4.60041938,0.808487576,0.039033818,1519.969238,"{""type"":""MultiPoint"",""coordinates"":[]}",
450,0.032657072,0.014938841,4.629240835,0.849689713,0.386922925,1781.493896,"{""type"":""MultiPoint"",""coordinates"":[]}",
451,0.0511306,0.028577406,4.2832136,0.808662029,0.437174109,1614.892822,"{""type"":""MultiPoint"",""coordinates"":[]}",
452,0.032983478,0.014362887,5.581139798,0.875877996,0.532775858,1969.897217,"{""type"":""MultiPoint"",""coordinates"":[]}",
453,0.027306875,0.014598225,5.136951257,0.839737728,0.315947676,1794.432373,"{""type"":""MultiPoint"",""coordinates"":[]}",
455,0.02105605,0.010893962,5.082885564,0.843224716,0.201873741,1698.833496,"{""type"":""MultiPoint"",""coordinates"":[]}",
456,0.027421329,0.011192525,7.602923817,0.909407527,0.66511022,2362.430176,"{""type"":""MultiPoint"",""coordinates"":[]}",
457,0.01783522,0.009126931,5.710429671,0.85828728,0.221607259,1766.680054,"{""type"":""MultiPoint"",""coordinates"":[]}",
459,0.027109988,0.012634777,7.613326789,0.897337484,0.623743164,2170.833496,"{""type"":""MultiPoint"",""coordinates"":[]}",
460,0.006320411,0.005556415,1.398853634,0.463618738,-0.920543826,1065.5177,"{""type"":""MultiPoint"",""coordinates"":[]}",
464,0.026329279,0.013845302,4.836146125,0.834689692,0.260739445,1688.562012,"{""type"":""MultiPoint"",""coordinates"":[]}",
465,0.052974403,0.065054514,1.453141332,0.332802314,-0.587809301,366.9410095,"{""type"":""MultiPoint"",""coordinates"":[]}",
466,0.064218953,0.057397187,1.632519356,0.493080468,-0.33516495,925.1043091,"{""type"":""MultiPoint"",""coordinates"":[]}",
467,0.041886181,0.017464992,5.680515444,0.882503879,0.635252903,1970.854492,"{""type"":""MultiPoint"",""coordinates"":[]}",
468,0.064140305,0.025023477,4.684982029,0.871562491,0.683213522,1405.267456,"{""type"":""MultiPoint"",""coordinates"":[]}",
469,0.070784077,0.081305392,1.292520861,0.332411496,-0.510715825,239.382782,"{""type"":""MultiPoint"",""coordinates"":[]}",
470,0.033905026,0.017872542,4.571772682,0.827137753,0.332615354,1823.375122,"{""type"":""MultiPoint"",""coordinates"":[]}",
471,0.030083684,0.013781072,7.993296847,0.903063716,0.683117949,2404.213867,"{""type"":""MultiPoint"",""coordinates"":[]}",
473,0.018743297,0.009057832,5.224782517,0.855917032,0.200911457,1775.723267,"{""type"":""MultiPoint"",""coordinates"":[]}",
474,0.02996563,0.013813956,6.955555044,0.890455489,0.608920642,2255.94751,"{""type"":""MultiPoint"",""coordinates"":[]}",
475,0.017008655,0.007789929,5.636354437,0.870883783,0.24114699,1737.616455,"{""type"":""MultiPoint"",""coordinates"":[]}",
476,0.012800646,0.006213317,6.255692549,0.874593548,0.162600711,1735.968262,"{""type"":""MultiPoint"",""coordinates"":[]}",
477,0.029662101,0.015697958,4.267986707,0.817420501,0.217352321,1683.208984,"{""type"":""MultiPoint"",""coordinates"":[]}",
478,0.039354987,0.018603083,5.107788193,0.85633299,0.512891924,1673.834717,"{""type"":""MultiPoint"",""coordinates"":[]}",
479,0.049724434,0.017216584,6.438350632,0.911044797,0.776435227,1863.130127,"{""type"":""MultiPoint"",""coordinates"":[]}",
480,0.026844067,0.014176878,3.888307976,0.804993387,0.096902239,1526.399292,"{""type"":""MultiPoint"",""coordinates"":[]}",
481,0.041578513,0.019760897,4.537053853,0.841902299,0.456844239,1744.480347,"{""type"":""MultiPoint"",""coordinates"":[]}",
482,0.046485044,0.046446752,3.447238928,0.633088476,-0.041592831,1025.168213,"{""type"":""MultiPoint"",""coordinates"":[]}",
483,0.026282661,0.009071379,6.066851419,0.906868057,0.58358671,1877.00415,"{""type"":""MultiPoint"",""coordinates"":[]}",
488,0.028823473,0.012941001,7.196258563,0.896133652,0.623548359,2164.230469,"{""type"":""MultiPoint"",""coordinates"":[]}",
489,0.031028107,0.010724215,6.885341463,0.916017427,0.696138752,2054.193115,"{""type"":""MultiPoint"",""coordinates"":[]}",
490,0.033756722,0.014668431,6.056546592,0.883986388,0.589179832,2097.471191,"{""type"":""MultiPoint"",""coordinates"":[]}",
491,0.052962609,0.025824772,4.138363944,0.826659564,0.482912917,1493.733276,"{""type"":""MultiPoint"",""coordinates"":[]}",
492,0.019434337,0.010515325,5.654734596,0.849615304,0.227996902,1818.901245,"{""type"":""MultiPoint"",""coordinates"":[]}",
493,0.015322933,0.007883143,5.061438263,0.843529693,0.045026277,1686.589111,"{""type"":""MultiPoint"",""coordinates"":[]}",
496,0.048275948,0.028330026,3.855774407,0.784355205,0.319655446,1396.102539,"{""type"":""MultiPoint"",""coordinates"":[]}",
497,0.049365282,0.027786002,4.467828889,0.813333181,0.447832077,1507.244263,"{""type"":""MultiPoint"",""coordinates"":[]}",
498,0.022177385,0.007178489,6.890798834,0.921191617,0.62021127,2027.151855,"{""type"":""MultiPoint"",""coordinates"":[]}",
500,0.034122705,0.016781485,5.081590927,0.850366933,0.439179368,1885.785278,"{""type"":""MultiPoint"",""coordinates"":[]}",
501,0.04650446,0.040868178,2.799924796,0.62434165,-0.133718345,999.2093506,"{""type"":""MultiPoint"",""coordinates"":[]}",
504,0.052256301,0.022721775,4.372623551,0.850256138,0.552475469,1489.048218,"{""type"":""MultiPoint"",""coordinates"":[]}",
505,0.031039808,0.012015047,7.35479289,0.911441207,0.696848869,1848.501343,"{""type"":""MultiPoint"",""coordinates"":[]}",
506,0.027429115,0.014857524,4.612134924,0.823956121,0.229257278,1740.856812,"{""type"":""MultiPoint"",""coordinates"":[]}",
510,0.026067277,0.013274834,4.8815727,0.840630046,0.278165231,1743.557495,"{""type"":""MultiPoint"",""coordinates"":[]}",
512,0.033980843,0.012760707,6.401384594,0.90342528,0.664260901,2027.056519,"{""type"":""MultiPoint"",""coordinates"":[]}",
514,0.031269688,0.014175361,4.728182144,0.853328365,0.387127855,1772.670654,"{""type"":""MultiPoint"",""coordinates"":[]}",
515,0.016141003,0.007935904,5.977215634,0.868344021,0.230233915,1763.43457,"{""type"":""MultiPoint"",""coordinates"":[]}",
518,0.031234115,0.014948555,7.281650657,0.890734358,0.634771922,2363.702393,"{""type"":""MultiPoint"",""coordinates"":[]}",
522,0.048151888,0.030027231,2.910960156,0.724959046,0.083021739,1165.920532,"{""type"":""MultiPoint"",""coordinates"":[]}",
523,0.043673422,0.017117128,6.121183572,0.895666581,0.699283109,2107.102295,"{""type"":""MultiPoint"",""coordinates"":[]}",
525,0.031172808,0.016020561,5.392552385,0.851175295,0.425071425,1680.966553,"{""type"":""MultiPoint"",""coordinates"":[]}",
527,0.063945591,0.066197187,1.797637834,0.459821597,-0.34819531,565.0953369,"{""type"":""MultiPoint"",""coordinates"":[]}",
528,0.030475292,0.014494978,5.155720897,0.856550965,0.416557403,1951.172485,"{""type"":""MultiPoint"",""coordinates"":[]}",
529,0.04663815,0.021494294,5.399990159,0.865651426,0.611268413,1670.646484,"{""type"":""MultiPoint"",""coordinates"":[]}",
530,0.046472467,0.031234266,3.654665889,0.747650906,0.199387534,1194.397095,"{""type"":""MultiPoint"",""coordinates"":[]}",
532,0.024598638,0.01223309,5.318443488,0.854071077,0.327668468,1902.572144,"{""type"":""MultiPoint"",""coordinates"":[]}",
533,0.058449477,0.044885874,2.668191128,0.653778232,0.01192163,1067.743042,"{""type"":""MultiPoint"",""coordinates"":[]}",
534,0.003886694,0.001244266,9.977239627,0.943325789,0.187970262,1438.985474,"{""type"":""MultiPoint"",""coordinates"":[]}",
535,0.031029023,0.012742617,7.879130874,0.911587386,0.7125146,2038.084839,"{""type"":""MultiPoint"",""coordinates"":[]}",
538,0.047640655,0.022872517,4.947620355,0.850614338,0.556557594,1694.389893,"{""type"":""MultiPoint"",""coordinates"":[]}",
539,0.036551423,0.011498213,6.727901124,0.921771286,0.74808137,2271.732178,"{""type"":""MultiPoint"",""coordinates"":[]}",
541,0.033389874,0.01477269,7.034591889,0.895616589,0.659394258,2164.693359,"{""type"":""MultiPoint"",""coordinates"":[]}",
542,0.030022822,0.014892261,5.220343235,0.852291931,0.401540685,1791.198242,"{""type"":""MultiPoint"",""coordinates"":[]}",
545,0.031300146,0.013057005,6.831882361,0.898859771,0.643008195,2196.416992,"{""type"":""MultiPoint"",""coordinates"":[]}",
550,0.026325554,0.014092814,4.903460619,0.833717702,0.263037272,1638.008057,"{""type"":""MultiPoint"",""coordinates"":[]}",
551,0.009094478,0.003002869,8.722566674,0.934309331,0.4450056,1762.53894,"{""type"":""MultiPoint"",""coordinates"":[]}",
553,0.020659063,0.009700647,5.214356001,0.859495851,0.259005684,1765.877075,"{""type"":""MultiPoint"",""coordinates"":[]}",
554,0.025096759,0.012355436,7.221877848,0.887009118,0.55016065,2077.838379,"{""type"":""MultiPoint"",""coordinates"":[]}",
555,0.044881139,0.029331569,3.223249455,0.73197981,0.101066426,1177.249634,"{""type"":""MultiPoint"",""coordinates"":[]}",
556,0.033158921,0.016697492,4.947708524,0.843888185,0.399295808,1843.350342,"{""type"":""MultiPoint"",""coordinates"":[]}",
559,0.021535741,0.010809687,5.393916993,0.854422273,0.273795225,1773.501709,"{""type"":""MultiPoint"",""coordinates"":[]}",
561,0.024190927,0.009238225,6.671811882,0.905164574,0.57701615,1679.156128,"{""type"":""MultiPoint"",""coordinates"":[]}",
564,0.023448868,0.012137068,7.771434461,0.888557346,0.554123729,2284.04126,"{""type"":""MultiPoint"",""coordinates"":[]}",
566,0.034468628,0.013986504,6.336680428,0.89518186,0.641084036,2051.301025,"{""type"":""MultiPoint"",""coordinates"":[]}",
568,0.022197811,0.010418381,5.382653741,0.863005561,0.31664534,1803.465576,"{""type"":""MultiPoint"",""coordinates"":[]}",
569,0.025562184,0.016066967,4.615061886,0.798659833,0.123670009,1660.797119,"{""type"":""MultiPoint"",""coordinates"":[]}",
570,0.030604338,0.013254241,6.977804799,0.897018316,0.636202905,2285.055908,"{""type"":""MultiPoint"",""coordinates"":[]}",
571,0.030998727,0.01307366,6.361317701,0.891624124,0.598628965,2154.355469,"{""type"":""MultiPoint"",""coordinates"":[]}",
572,0.026556743,0.013680442,5.44200533,0.85191051,0.362935256,1960.851196,"{""type"":""MultiPoint"",""coordinates"":[]}",
573,0.0285885,0.013285288,6.053857441,0.876384013,0.507512003,2082.585938,"{""type"":""MultiPoint"",""coordinates"":[]}",
574,0.032659154,0.012789192,4.957821915,0.876651393,0.494993043,1715.260742,"{""type"":""MultiPoint"",""coordinates"":[]}",
575,0.023276197,0.010813866,7.820195845,0.899924653,0.591638407,2160.172607,"{""type"":""MultiPoint"",""coordinates"":[]}",
576,0.030835347,0.014960158,5.1167203,0.853022957,0.407921126,1619.783691,"{""type"":""MultiPoint"",""coordinates"":[]}",
577,0.037704743,0.016111307,5.416708937,0.875131157,0.568330241,1952.749512,"{""type"":""MultiPoint"",""coordinates"":[]}",
578,0.020275611,0.009947777,5.480638904,0.859242879,0.268907392,1765.680542,"{""type"":""MultiPoint"",""coordinates"":[]}",
581,0.026556367,0.010821529,7.640435829,0.909925723,0.659018236,2256.352295,"{""type"":""MultiPoint"",""coordinates"":[]}",
586,0.034746356,0.01926711,5.415119124,0.840878889,0.441147661,1663.650391,"{""type"":""MultiPoint"",""coordinates"":[]}",
587,0.037557501,0.016465286,6.322544812,0.887023565,0.642445139,1785.955811,"{""type"":""MultiPoint"",""coordinates"":[]}",
588,0.062035251,0.074078485,0.864523088,0.21917706,-0.69405221,40.46034241,"{""type"":""MultiPoint"",""coordinates"":[]}",
590,0.050771683,0.02143174,4.732356782,0.862825073,0.596148886,1681.650635,"{""type"":""MultiPoint"",""coordinates"":[]}",
592,0.032132395,0.011571091,7.74091418,0.920864548,0.744163968,2073.151855,"{""type"":""MultiPoint"",""coordinates"":[]}",
593,0.027679851,0.0101661,7.154357587,0.913801868,0.667294682,1917.561401,"{""type"":""MultiPoint"",""coordinates"":[]}",
594,0.045371871,0.020265069,4.935364897,0.860030314,0.56319075,1731.44397,"{""type"":""MultiPoint"",""coordinates"":[]}",
595,0.029103229,0.012058578,6.293585141,0.892490333,0.577749887,1741.564209,"{""type"":""MultiPoint"",""coordinates"":[]}",
597,0.03112665,0.01865104,4.017510569,0.786637178,0.133370344,1481.291382,"{""type"":""MultiPoint"",""coordinates"":[]}",
599,0.041791577,0.025319353,4.759044764,0.80962815,0.391698065,1649.695313,"{""type"":""MultiPoint"",""coordinates"":[]}",
600,0.037588269,0.01819448,4.046842307,0.824966019,0.328385915,1706.764526,"{""type"":""MultiPoint"",""coordinates"":[]}",
601,0.026158378,0.012458466,5.203007305,0.857388598,0.357595305,1807.158691,"{""type"":""MultiPoint"",""coordinates"":[]}",
603,0.030727006,0.016654247,4.082714351,0.807276907,0.188495821,1557.712646,"{""type"":""MultiPoint"",""coordinates"":[]}",
604,0.046396215,0.017471889,6.167009799,0.900158926,0.727093098,1907.845947,"{""type"":""MultiPoint"",""coordinates"":[]}",
605,0.017632619,0.0077553,5.476025201,0.872806164,0.254100588,1773.82019,"{""type"":""MultiPoint"",""coordinates"":[]}",
607,0.034032837,0.012262178,6.901576467,0.912779107,0.710033155,2397.104736,"{""type"":""MultiPoint"",""coordinates"":[]}",
608,0.037711993,0.015336165,5.983123578,0.889938545,0.637819957,2015.320435,"{""type"":""MultiPoint"",""coordinates"":[]}",
612,0.032142974,0.016162012,4.261684728,0.825547326,0.2779285,1710.04541,"{""type"":""MultiPoint"",""coordinates"":[]}",
613,0.028538775,0.014403812,5.427172865,0.85438005,0.400441274,1879.430542,"{""type"":""MultiPoint"",""coordinates"":[]}",
615,0.051441573,0.017226586,5.768973452,0.90571965,0.751194735,1790.814819,"{""type"":""MultiPoint"",""coordinates"":[]}",
616,0.01771953,0.007211055,5.372813068,0.879950116,0.2775477,1763.219727,"{""type"":""MultiPoint"",""coordinates"":[]}",
619,0.015072463,0.008975616,5.903768639,0.8411851,0.093529313,1669.336548,"{""type"":""MultiPoint"",""coordinates"":[]}",
620,0.041665155,0.022142323,4.729007846,0.830224464,0.440285166,1664.961426,"{""type"":""MultiPoint"",""coordinates"":[]}",
621,0.038712557,0.016162183,5.004505658,0.869980643,0.53950666,1800.685425,"{""type"":""MultiPoint"",""coordinates"":[]}",
622,0.039355099,0.016172396,5.594002596,0.882672702,0.612714234,2100.289307,"{""type"":""MultiPoint"",""coordinates"":[]}",
623,0.040422156,0.01863463,5.246787224,0.862547705,0.547676955,1620.136719,"{""type"":""MultiPoint"",""coordinates"":[]}",
624,0.030300293,0.017555913,6.254518838,0.852079741,0.466986102,1735.557007,"{""type"":""MultiPoint"",""coordinates"":[]}",
626,0.036315385,0.015765605,5.69893706,0.878276712,0.579292601,1816.550293,"{""type"":""MultiPoint"",""coordinates"":[]}",
627,0.03844272,0.016870283,6.222156273,0.885434757,0.640881619,1991.467407,"{""type"":""MultiPoint"",""coordinates"":[]}",
628,0.016640758,0.008461369,5.267887435,0.849927519,0.125003943,1704.581787,"{""type"":""MultiPoint"",""coordinates"":[]}",
629,0.047824178,0.026677515,4.232553326,0.807326968,0.40251159,1406.74231,"{""type"":""MultiPoint"",""coordinates"":[]}",
632,0.027555633,0.009979863,7.162227763,0.91502711,0.670450939,2223.730713,"{""type"":""MultiPoint"",""coordinates"":[]}",
633,0.031686593,0.014658845,6.43927894,0.882909207,0.58251961,2026.215454,"{""type"":""MultiPoint"",""coordinates"":[]}",
634,0.048189469,0.023982868,4.337847125,0.829431441,0.467928971,1494.394531,"{""type"":""MultiPoint"",""coordinates"":[]}",
635,0.0415232,0.020702336,5.642468859,0.860364137,0.572164619,2064.536377,"{""type"":""MultiPoint"",""coordinates"":[]}",
636,0.054820385,0.080036633,3.80656712,0.534040193,-0.070955176,1168.026733,"{""type"":""MultiPoint"",""coordinates"":[]}",
637,0.037410367,0.02021409,3.975508224,0.804079269,0.263073708,1596.808716,"{""type"":""MultiPoint"",""coordinates"":[]}",
638,0.031363208,0.015234441,6.355389246,0.876103993,0.554884755,2181.389648,"{""type"":""MultiPoint"",""coordinates"":[]}",
641,0.030997232,0.018929912,5.4899425,0.827988207,0.362622597,1844.014282,"{""type"":""MultiPoint"",""coordinates"":[]}",
645,0.031555563,0.017850678,4.826690145,0.823011044,0.308874399,1658.886597,"{""type"":""MultiPoint"",""coordinates"":[]}",
646,0.029505359,0.014360748,5.672200222,0.86402507,0.459276986,1950.518677,"{""type"":""MultiPoint"",""coordinates"":[]}",
647,0.02977914,0.012415305,6.821571205,0.898788951,0.627542017,1850.340942,"{""type"":""MultiPoint"",""coordinates"":[]}",
653,0.032091398,0.012218429,5.783890684,0.893717195,0.590079791,1708.959473,"{""type"":""MultiPoint"",""coordinates"":[]}",
654,0.034334052,0.015107782,5.882537438,0.879817108,0.574116916,1943.20105,"{""type"":""MultiPoint"",""coordinates"":[]}",
656,0.021879297,0.011373457,4.759431477,0.834430339,0.165329235,1608.862915,"{""type"":""MultiPoint"",""coordinates"":[]}",
658,0.021549625,0.011338468,5.720553683,0.854787578,0.298207288,1761.543701,"{""type"":""MultiPoint"",""coordinates"":[]}",
660,0.023720169,0.010322643,7.321875975,0.900609517,0.581129087,2189.314209,"{""type"":""MultiPoint"",""coordinates"":[]}",
664,0.030023662,0.013891974,4.771429454,0.851558819,0.367363931,1826.675415,"{""type"":""MultiPoint"",""coordinates"":[]}",
666,0.045364894,0.023260422,4.157536338,0.819147958,0.403601039,1504.764526,"{""type"":""MultiPoint"",""coordinates"":[]}",
668,0.041008953,0.018749867,5.005368152,0.858504241,0.527715218,1968.451416,"{""type"":""MultiPoint"",""coordinates"":[]}",
669,0.034419939,0.01981988,3.95339331,0.79171541,0.189181837,1603.002075,"{""type"":""MultiPoint"",""coordinates"":[]}",
671,0.025592979,0.010690801,7.29504824,0.904112271,0.616542061,2116.53418,"{""type"":""MultiPoint"",""coordinates"":[]}",
675,0.023600401,0.01183059,7.698656211,0.891023759,0.561629527,2253.456299,"{""type"":""MultiPoint"",""coordinates"":[]}",
676,0.020362811,0.010766901,6.017580449,0.859864882,0.309518452,1798.055542,"{""type"":""MultiPoint"",""coordinates"":[]}",
678,0.051453501,0.028640559,3.825130481,0.79314206,0.365506401,1403.58606,"{""type"":""MultiPoint"",""coordinates"":[]}",
680,0.049893156,0.015890775,6.540177877,0.918944062,0.798109413,1913.754761,"{""type"":""MultiPoint"",""coordinates"":[]}",
681,0.031969782,0.01303791,6.08921263,0.891205008,0.595120258,2022.502563,"{""type"":""MultiPoint"",""coordinates"":[]}",
683,0.034186728,0.015357677,5.471808328,0.870184432,0.522380236,1931.652222,"{""type"":""MultiPoint"",""coordinates"":[]}",
684,0.039608434,0.015316446,5.63781749,0.889900828,0.637222897,2043.754639,"{""type"":""MultiPoint"",""coordinates"":[]}",
685,0.026159881,0.009573665,6.106840489,0.902053559,0.566191188,1828.835693,"{""type"":""MultiPoint"",""coordinates"":[]}",
686,0.036802042,0.015445504,5.468604783,0.878143598,0.571654585,1691.703247,"{""type"":""MultiPoint"",""coordinates"":[]}",
687,0.025112491,0.012674423,5.238089636,0.850297724,0.318852043,1811.706543,"{""type"":""MultiPoint"",""coordinates"":[]}",
688,0.048108932,0.048373003,2.117739675,0.512280742,-0.365112754,637.9093018,"{""type"":""MultiPoint"",""coordinates"":[]}",
689,0.039824478,0.023575427,4.477361444,0.804926777,0.337373001,1767.90332,"{""type"":""MultiPoint"",""coordinates"":[]}",
691,0.032806877,0.014949467,5.705749337,0.872740255,0.528014404,2096.05127,"{""type"":""MultiPoint"",""coordinates"":[]}",
694,0.032150067,0.013311491,5.738313215,0.884222086,0.558074731,2020.613159,"{""type"":""MultiPoint"",""coordinates"":[]}",
695,0.029447081,0.012633707,5.986116067,0.884282564,0.540213956,1736.306641,"{""type"":""MultiPoint"",""coordinates"":[]}",
698,0.041638155,0.015379217,6.488959849,0.905996642,0.726870814,1874.929321,"{""type"":""MultiPoint"",""coordinates"":[]}",
699,0.074442655,0.090368912,1.01033476,0.246999682,-0.602776903,0.214401677,"{""type"":""MultiPoint"",""coordinates"":[]}",
700,0.090128601,0.114600174,0.818893438,0.177120418,-0.620080854,-65.42264557,"{""type"":""MultiPoint"",""coordinates"":[]}",
704,0.030494271,0.014975647,5.141567959,0.851915617,0.401577739,1823.963379,"{""type"":""MultiPoint"",""coordinates"":[]}",
706,0.019717826,0.009448804,6.147217244,0.874331281,0.355237026,1753.212646,"{""type"":""MultiPoint"",""coordinates"":[]}",
709,0.041148227,0.01612743,6.039926965,0.894525761,0.677587551,1941.133423,"{""type"":""MultiPoint"",""coordinates"":[]}",
710,0.031880964,0.020666271,3.629882679,0.754369758,0.026405342,1352.623779,"{""type"":""MultiPoint"",""coordinates"":[]}",
712,0.039292224,0.018188024,5.13029871,0.85958506,0.522673274,1642.245483,"{""type"":""MultiPoint"",""coordinates"":[]}",
713,0.033585943,0.014761286,5.560436077,0.874425322,0.533684623,2110.807861,"{""type"":""MultiPoint"",""coordinates"":[]}",
714,0.032827161,0.012397912,7.383628912,0.913786235,0.718673195,2043.162231,"{""type"":""MultiPoint"",""coordinates"":[]}",
715,0.045995671,0.043608412,2.558695569,0.579258235,-0.238856732,762.5702515,"{""type"":""MultiPoint"",""coordinates"":[]}",
716,0.033874284,0.042226713,0.850664116,0.195042563,-0.829709531,373.0838623,"{""type"":""MultiPoint"",""coordinates"":[]}",
718,0.027030881,0.013858298,4.94849234,0.841303229,0.30207196,1672.784912,"{""type"":""MultiPoint"",""coordinates"":[]}",
720,0.027179431,0.013690651,5.610807707,0.858398434,0.404428439,1708.279663,"{""type"":""MultiPoint"",""coordinates"":[]}",
721,0.027525488,0.011456214,6.216484046,0.890941738,0.549968743,2043.953125,"{""type"":""MultiPoint"",""coordinates"":[]}",
723,0.024959005,0.014200045,5.02969306,0.827559687,0.229281156,1834.862427,"{""type"":""MultiPoint"",""coordinates"":[]}",
725,0.025257668,0.010425372,7.45223183,0.906878504,0.627669577,2267.083008,"{""type"":""MultiPoint"",""coordinates"":[]}",
726,0.040776968,0.034338571,2.911726895,0.64571458,-0.148802809,1076.790039,"{""type"":""MultiPoint"",""coordinates"":[]}",
727,0.042028584,0.014672736,6.693678103,0.913186047,0.753876754,1968.726807,"{""type"":""MultiPoint"",""coordinates"":[]}",
728,0.041139267,0.02512091,4.37984276,0.796132664,0.322015622,1501.94458,"{""type"":""MultiPoint"",""coordinates"":[]}",
730,0.04179601,0.026231691,4.522513196,0.795902595,0.340158849,1317.934204,"{""type"":""MultiPoint"",""coordinates"":[]}",
731,0.035620362,0.017561095,3.993981866,0.82029955,0.286207419,1642.724609,"{""type"":""MultiPoint"",""coordinates"":[]}",
732,0.035774153,0.014894878,6.666571801,0.896978288,0.669429611,2135.051758,"{""type"":""MultiPoint"",""coordinates"":[]}",
734,0.044219237,0.039832316,2.515800617,0.5920875,-0.244720993,836.8790283,"{""type"":""MultiPoint"",""coordinates"":[]}",
736,0.031238956,0.014830726,5.666430787,0.86703853,0.490350981,1957.795166,"{""type"":""MultiPoint"",""coordinates"":[]}",
737,0.026450014,0.015635315,4.474014494,0.805073984,0.145583413,1600.299194,"{""type"":""MultiPoint"",""coordinates"":[]}",
740,0.041086685,0.013236749,7.021664823,0.922777347,0.782758576,2285.50293,"{""type"":""MultiPoint"",""coordinates"":[]}",
745,0.031329837,0.015811073,5.419310065,0.854226795,0.437915387,2009.710571,"{""type"":""MultiPoint"",""coordinates"":[]}",
747,0.047106653,0.028515877,3.865705725,0.778709093,0.296354062,1374.612793,"{""type"":""MultiPoint"",""coordinates"":[]}",
748,0.020247366,0.01057127,5.190708525,0.844444996,0.195574281,1718.564819,"{""type"":""MultiPoint"",""coordinates"":[]}",
754,0.024898807,0.011516817,6.00570857,0.87613036,0.45084744,1893.486694,"{""type"":""MultiPoint"",""coordinates"":[]}",
756,0.039004389,0.020591063,4.752353187,0.831880925,0.419410914,1603.151367,"{""type"":""MultiPoint"",""coordinates"":[]}",
759,0.073002674,0.09155634,0.921373535,0.210114304,-0.646241917,-18.94413567,"{""type"":""MultiPoint"",""coordinates"":[]}",
761,0.026370445,0.014953999,4.506739349,0.813272441,0.170177597,1551.617432,"{""type"":""MultiPoint"",""coordinates"":[]}",
762,0.030311417,0.013139317,7.324082894,0.901004967,0.657839416,2184.900146,"{""type"":""MultiPoint"",""coordinates"":[]}",
763,0.049085408,0.022870626,4.794304668,0.851144577,0.559175608,1671.868652,"{""type"":""MultiPoint"",""coordinates"":[]}",
764,0.028922739,0.01215686,6.347184855,0.891774311,0.575776073,2052.866699,"{""type"":""MultiPoint"",""coordinates"":[]}",
765,0.022381455,0.011842119,4.862974819,0.834450084,0.185025053,1706.986328,"{""type"":""MultiPoint"",""coordinates"":[]}",
766,0.036762089,0.016045406,5.90392783,0.881078282,0.601164479,2089.794922,"{""type"":""MultiPoint"",""coordinates"":[]}",
767,0.037125282,0.017233662,4.619768603,0.847401367,0.432752712,1844.861694,"{""type"":""MultiPoint"",""coordinates"":[]}",
769,0.047340415,0.054515693,2.185725102,0.468992409,-0.411219179,671.3964233,"{""type"":""MultiPoint"",""coordinates"":[]}",
771,0.037713509,0.013338397,6.856619993,0.913845525,0.73621939,2037.182739,"{""type"":""MultiPoint"",""coordinates"":[]}",
774,0.051513899,0.045901172,2.516807916,0.595701333,-0.166162479,951.6787109,"{""type"":""MultiPoint"",""coordinates"":[]}",
776,0.035041489,0.012782591,5.608977015,0.895383722,0.615073638,1934.247559,"{""type"":""MultiPoint"",""coordinates"":[]}",
777,0.064897396,0.065540098,0.848323512,0.293335762,-0.639969563,557.6004028,"{""type"":""MultiPoint"",""coordinates"":[]}",
778,0.023092251,0.01082468,5.039382272,0.855947139,0.284899955,1749.729614,"{""type"":""MultiPoint"",""coordinates"":[]}",
779,0.023981538,0.008638618,6.478845731,0.908096312,0.576606367,1903.471802,"{""type"":""MultiPoint"",""coordinates"":[]}",
781,0.047915757,0.018550023,5.850064623,0.893014392,0.706213522,1759.452148,"{""type"":""MultiPoint"",""coordinates"":[]}",
783,0.040829375,0.015545618,5.698481358,0.892432917,0.655861136,1831.128296,"{""type"":""MultiPoint"",""coordinates"":[]}",
784,0.0444411,0.020847995,5.207780718,0.859481055,0.56995869,1695.258789,"{""type"":""MultiPoint"",""coordinates"":[]}",
785,0.031319488,0.015144925,5.607195376,0.863607712,0.477460261,1856.529175,"{""type"":""MultiPoint"",""coordinates"":[]}",
787,0.022886308,0.010999087,5.370750598,0.859707351,0.318046566,1594.32251,"{""type"":""MultiPoint"",""coordinates"":[]}",
790,0.034867108,0.011697547,7.640963771,0.925251225,0.771689365,2230.367188,"{""type"":""MultiPoint"",""coordinates"":[]}",
791,0.028573731,0.014376706,6.278159866,0.870678699,0.501032364,2088.960693,"{""type"":""MultiPoint"",""coordinates"":[]}",
792,0.045163058,0.018784067,4.604564277,0.861832756,0.546571157,1825.527222,"{""type"":""MultiPoint"",""coordinates"":[]}",
793,0.033785794,0.013876182,6.430598045,0.895244385,0.639118551,2267.288574,"{""type"":""MultiPoint"",""coordinates"":[]}",
795,0.046636738,0.018268902,5.258078111,0.882183719,0.646803806,1801.321289,"{""type"":""MultiPoint"",""coordinates"":[]}",
796,0.023514239,0.012391156,4.689340342,0.830457488,0.181788165,1688.53125,"{""type"":""MultiPoint"",""coordinates"":[]}",
798,0.055430058,0.057012659,2.166775419,0.509668082,-0.298323609,891.3944092,"{""type"":""MultiPoint"",""coordinates"":[]}",
799,0.025814069,0.016159913,4.354310391,0.790642779,0.083482373,1511.410034,"{""type"":""MultiPoint"",""coordinates"":[]}",
800,0.053780861,0.051809225,1.795157616,0.487380497,-0.392587715,557.569519,"{""type"":""MultiPoint"",""coordinates"":[]}",
801,0.053176343,0.028680068,4.312299151,0.815662267,0.471237214,1477.155518,"{""type"":""MultiPoint"",""coordinates"":[]}",
802,0.014051807,0.00681923,5.794068377,0.866666307,0.14404128,1651.922119,"{""type"":""MultiPoint"",""coordinates"":[]}",
803,0.021723071,0.00908725,6.911218235,0.899556885,0.529422833,2144.244629,"{""type"":""MultiPoint"",""coordinates"":[]}",
804,0.035968117,0.018120922,6.18078764,0.868879159,0.57276676,1701.807495,"{""type"":""MultiPoint"",""coordinates"":[]}",
807,0.049455911,0.066924438,1.311443899,0.261478629,-0.673272892,169.9885101,"{""type"":""MultiPoint"",""coordinates"":[]}",
809,0.028679544,0.011697129,6.256343859,0.893568493,0.574698812,2119.935547,"{""type"":""MultiPoint"",""coordinates"":[]}",
813,0.045088705,0.025244836,4.227808005,0.806523277,0.375177628,1507.025757,"{""type"":""MultiPoint"",""coordinates"":[]}",
815,0.020357121,0.009450547,6.031556171,0.876133759,0.368706133,1762.585205,"{""type"":""MultiPoint"",""coordinates"":[]}",
817,0.021435222,0.008876399,5.643803973,0.882655461,0.391139376,1735.988647,"{""type"":""MultiPoint"",""coordinates"":[]}",
819,0.038088314,0.016475182,5.621955206,0.877368575,0.588581556,1963.994629,"{""type"":""MultiPoint"",""coordinates"":[]}",
820,0.035085216,0.02047939,4.360108964,0.803592662,0.266578554,1713.761719,"{""type"":""MultiPoint"",""coordinates"":[]}",
824,0.050244544,0.047029093,3.460314677,0.653095364,0.032848611,1008.15918,"{""type"":""MultiPoint"",""coordinates"":[]}",
825,0.045980431,0.022948416,4.46269049,0.832569868,0.466553062,1770.885376,"{""type"":""MultiPoint"",""coordinates"":[]}",
827,0.02526745,0.011934362,5.980063852,0.873242843,0.445431582,1913.760254,"{""type"":""MultiPoint"",""coordinates"":[]}",
829,0.042313349,0.013046037,6.941338232,0.925252739,0.792851941,2140.828125,"{""type"":""MultiPoint"",""coordinates"":[]}",
830,0.053516496,0.026842017,4.021482174,0.818373718,0.458059872,1414.99585,"{""type"":""MultiPoint"",""coordinates"":[]}",
831,0.024683978,0.010731515,7.264105867,0.900042955,0.589960801,2284.844238,"{""type"":""MultiPoint"",""coordinates"":[]}",
832,0.049404386,0.022504,4.38510253,0.844021012,0.517523495,1510.079712,"{""type"":""MultiPoint"",""coordinates"":[]}",
834,0.049451794,0.020927349,4.89473367,0.866036033,0.604781226,1676.218506,"{""type"":""MultiPoint"",""coordinates"":[]}",
839,0.042326994,0.028920932,4.344818451,0.773303431,0.27788828,1396.639404,"{""type"":""MultiPoint"",""coordinates"":[]}",
840,0.019408368,0.009579074,6.848358527,0.881668907,0.415582691,1982.098877,"{""type"":""MultiPoint"",""coordinates"":[]}",
841,0.019793704,0.009522245,5.106553477,0.853946078,0.210823961,1736.52771,"{""type"":""MultiPoint"",""coordinates"":[]}",
842,0.027808215,0.012641269,6.039934969,0.878688053,0.503937052,2080.230469,"{""type"":""MultiPoint"",""coordinates"":[]}",
843,0.078152895,0.100720443,0.745444208,0.150511449,-0.688119851,-163.1132202,"{""type"":""MultiPoint"",""coordinates"":[]}",
844,0.033769831,0.019263061,5.135503728,0.829875191,0.380537247,1675.279175,"{""type"":""MultiPoint"",""coordinates"":[]}",
845,0.049061626,0.020100584,6.472111819,0.896038955,0.739784306,1716.969604,"{""type"":""MultiPoint"",""coordinates"":[]}",
846,0.03921387,0.033591345,3.758538276,0.694890477,0.017957248,1502.458374,"{""type"":""MultiPoint"",""coordinates"":[]}",
847,0.029623482,0.017494345,5.382321011,0.830613214,0.342818331,1826.259766,"{""type"":""MultiPoint"",""coordinates"":[]}",
850,0.025630875,0.013619744,4.855997807,0.833615491,0.246446671,1751.503174,"{""type"":""MultiPoint"",""coordinates"":[]}",
851,0.050517086,0.065457106,1.669229783,0.346405466,-0.565221929,286.0465393,"{""type"":""MultiPoint"",""coordinates"":[]}",
854,0.021352097,0.010034834,5.275365252,0.860653475,0.282937942,1798.665894,"{""type"":""MultiPoint"",""coordinates"":[]}",
855,0.058508679,0.073705405,1.242329014,0.280575849,-0.621365026,85.64527893,"{""type"":""MultiPoint"",""coordinates"":[]}",
857,0.042647813,0.021720098,4.623846575,0.833921889,0.451828314,1635.125366,"{""type"":""MultiPoint"",""coordinates"":[]}",
860,0.049706653,0.037376106,3.597178092,0.718856624,0.165647477,1103.155273,"{""type"":""MultiPoint"",""coordinates"":[]}",
862,0.036772259,0.019909946,4.727037382,0.827250117,0.38033798,1799.59375,"{""type"":""MultiPoint"",""coordinates"":[]}",
864,0.041388385,0.017094411,4.928907635,0.869748097,0.557767664,1776.554565,"{""type"":""MultiPoint"",""coordinates"":[]}",
866,0.021743678,0.010933253,5.35885645,0.853439859,0.272339962,1826.08313,"{""type"":""MultiPoint"",""coordinates"":[]}",
867,0.042322647,0.015143185,5.616317247,0.89739112,0.67627002,1890.841553,"{""type"":""MultiPoint"",""coordinates"":[]}",
869,0.050625704,0.027149227,4.647511864,0.826554927,0.501361095,1562.401978,"{""type"":""MultiPoint"",""coordinates"":[]}",
870,0.025493065,0.012183724,4.28490405,0.834135897,0.196734023,1522.423584,"{""type"":""MultiPoint"",""coordinates"":[]}",
871,0.032006375,0.017747356,4.666570061,0.821736491,0.299093021,1843.80603,"{""type"":""MultiPoint"",""coordinates"":[]}",
872,0.031235302,0.018616391,5.759507374,0.837943346,0.410822293,1854.711304,"{""type"":""MultiPoint"",""coordinates"":[]}",
873,0.065800108,0.063131101,1.731925946,0.480171687,-0.322877421,798.3665771,"{""type"":""MultiPoint"",""coordinates"":[]}",
875,0.045851015,0.018868661,5.5598543,0.881939764,0.654846356,1757.497803,"{""type"":""MultiPoint"",""coordinates"":[]}",
876,0.028899919,0.013382654,5.44229477,0.865881388,0.442926956,1897.682373,"{""type"":""MultiPoint"",""coordinates"":[]}",
878,0.036015641,0.014809038,6.11542009,0.890738624,0.631989068,1920.149292,"{""type"":""MultiPoint"",""coordinates"":[]}",
880,0.011169405,0.004784313,6.024883147,0.885058892,0.125424069,1648.143188,"{""type"":""MultiPoint"",""coordinates"":[]}",
882,0.025971165,0.011073846,5.065325063,0.868635624,0.382858045,1798.305298,"{""type"":""MultiPoint"",""coordinates"":[]}",
883,0.036170337,0.014506846,7.256930371,0.907352689,0.720221132,1838.57959,"{""type"":""MultiPoint"",""coordinates"":[]}",
884,0.033442661,0.015365444,5.748700151,0.872517646,0.536511461,2096.51123,"{""type"":""MultiPoint"",""coordinates"":[]}",
885,0.016173178,0.010744567,3.333744371,0.734160483,-0.372473193,1228.357788,"{""type"":""MultiPoint"",""coordinates"":[]}",
886,0.029596439,0.013756871,5.841264594,0.872759371,0.497501082,2066.513184,"{""type"":""MultiPoint"",""coordinates"":[]}",
887,0.025666356,0.012429933,5.698739579,0.865157443,0.407966298,1981.320068,"{""type"":""MultiPoint"",""coordinates"":[]}",
888,0.031064464,0.014305697,7.255615089,0.894330081,0.642694822,2344.430908,"{""type"":""MultiPoint"",""coordinates"":[]}",
889,0.035668503,0.017127533,4.332408534,0.834777251,0.35735449,1692.953735,"{""type"":""MultiPoint"",""coordinates"":[]}",
890,0.031789519,0.014641063,5.656116166,0.870568109,0.507146033,1905.484741,"{""type"":""MultiPoint"",""coordinates"":[]}",
891,0.038634703,0.021194475,4.655187908,0.82314429,0.385050904,1560.730957,"{""type"":""MultiPoint"",""coordinates"":[]}",
892,0.002150086,3.65E-04,10.43391967,0.970760211,0.247258348,1413.445557,"{""type"":""MultiPoint"",""coordinates"":[]}",
893,0.031666651,0.019788481,4.006045796,0.778048035,0.118917457,1465.772949,"{""type"":""MultiPoint"",""coordinates"":[]}",
894,0.026867995,0.021616997,3.863317745,0.716097386,-0.117416819,1162.270264,"{""type"":""MultiPoint"",""coordinates"":[]}",
895,0.033103347,0.011621956,6.973773007,0.915654739,0.714083258,2122.809814,"{""type"":""MultiPoint"",""coordinates"":[]}",
896,0.026380626,0.00932516,6.550196706,0.910551777,0.619361051,1965.838623,"{""type"":""MultiPoint"",""coordinates"":[]}",
898,0.030858688,0.012821796,6.883368588,0.899865783,0.643850317,2411.586914,"{""type"":""MultiPoint"",""coordinates"":[]}",
899,0.044749692,0.018547397,4.951486147,0.869785519,0.585429081,1725.677734,"{""type"":""MultiPoint"",""coordinates"":[]}",
900,0.028213982,0.016615845,3.932264344,0.786668188,0.076410577,1560.474731,"{""type"":""MultiPoint"",""coordinates"":[]}",
902,0.020770857,0.010101361,5.363087824,0.857995465,0.267205417,1811.42627,"{""type"":""MultiPoint"",""coordinates"":[]}",
903,0.024352511,0.012191399,5.03824446,0.846878093,0.278915137,1821.130981,"{""type"":""MultiPoint"",""coordinates"":[]}",
904,0.034172487,0.015762404,4.275021866,0.839178033,0.346721316,1725.011475,"{""type"":""MultiPoint"",""coordinates"":[]}",
906,0.034394838,0.012849542,6.238229294,0.901839681,0.656564751,1967.036255,"{""type"":""MultiPoint"",""coordinates"":[]}",
907,0.055164378,0.023947677,4.750626196,0.859617448,0.615552722,1630.961548,"{""type"":""MultiPoint"",""coordinates"":[]}",
908,0.024196656,0.012002398,6.259777987,0.872086813,0.439920986,2002.66272,"{""type"":""MultiPoint"",""coordinates"":[]}",
909,0.027691027,0.012342938,5.81799161,0.877270256,0.485574986,2017.292725,"{""type"":""MultiPoint"",""coordinates"":[]}",
911,0.051171914,0.025457809,4.349972001,0.829842333,0.492907155,1869.945068,"{""type"":""MultiPoint"",""coordinates"":[]}",
913,0.062728234,0.079071768,0.862637499,0.192781683,-0.705541761,-22.02435684,"{""type"":""MultiPoint"",""coordinates"":[]}",
915,0.033009995,0.014418577,6.890255932,0.895090274,0.649424378,2016.180054,"{""type"":""MultiPoint"",""coordinates"":[]}",
916,0.022841124,0.011030893,4.443641406,0.83702577,0.167198576,1550.797607,"{""type"":""MultiPoint"",""coordinates"":[]}",
920,0.023501808,0.012235984,5.290058433,0.847111094,0.282115944,1833.700928,"{""type"":""MultiPoint"",""coordinates"":[]}",
922,0.046352282,0.021267358,5.345366514,0.865135948,0.605338692,1731.161865,"{""type"":""MultiPoint"",""coordinates"":[]}",
923,0.024001498,0.012980775,6.055484892,0.857606814,0.376786552,1901.175659,"{""type"":""MultiPoint"",""coordinates"":[]}",
924,0.043398082,0.018817971,5.379997088,0.872721524,0.605825084,1889.632813,"{""type"":""MultiPoint"",""coordinates"":[]}",
925,0.018699899,0.01108135,5.100344721,0.822921069,0.080181525,1649.026855,"{""type"":""MultiPoint"",""coordinates"":[]}",
931,0.033311013,0.025473604,4.131574347,0.740609911,0.068494126,1358.529297,"{""type"":""MultiPoint"",""coordinates"":[]}",
932,0.039786614,0.015039736,5.984115748,0.897309562,0.673948948,1943.340454,"{""type"":""MultiPoint"",""coordinates"":[]}",
933,0.031167822,0.014925161,5.13520187,0.855198176,0.420276113,1822.770386,"{""type"":""MultiPoint"",""coordinates"":[]}",
934,0.032453794,0.016215179,4.888960759,0.843584209,0.385109693,1743.304932,"{""type"":""MultiPoint"",""coordinates"":[]}",
935,0.027292388,0.017669374,3.934808277,0.768045506,0.013126816,1619.074341,"{""type"":""MultiPoint"",""coordinates"":[]}",
936,0.030142205,0.009500545,6.540034209,0.919750036,0.68928951,1983.801392,"{""type"":""MultiPoint"",""coordinates"":[]}",
937,0.08170756,0.091310695,0.94311894,0.26974287,-0.567325891,272.7265625,"{""type"":""MultiPoint"",""coordinates"":[]}",
938,0.054658972,0.069982991,1.253873973,0.275453735,-0.643567553,246.4132996,"{""type"":""MultiPoint"",""coordinates"":[]}",
939,0.085456975,0.083612517,0.613881831,0.245135866,-0.629337777,250.4987183,"{""type"":""MultiPoint"",""coordinates"":[]}",
940,0.0319019,0.013299237,5.840572325,0.885116929,0.563403825,2048.079346,"{""type"":""MultiPoint"",""coordinates"":[]}",
941,0.020650636,0.010223103,5.235242397,0.852888937,0.237158288,1682.604126,"{""type"":""MultiPoint"",""coordinates"":[]}",
942,0.029901048,0.012391519,5.492691741,0.880002611,0.505142835,1934.691528,"{""type"":""MultiPoint"",""coordinates"":[]}",
943,0.02754196,0.012324056,5.545541308,0.872025069,0.450111868,1859.6427,"{""type"":""MultiPoint"",""coordinates"":[]}",
945,0.034361642,0.014691646,6.356969294,0.890151477,0.626158413,2209.116943,"{""type"":""MultiPoint"",""coordinates"":[]}",
946,0.041361496,0.027172914,4.929636351,0.800515656,0.377658075,1716.950928,"{""type"":""MultiPoint"",""coordinates"":[]}",
947,0.028989071,0.01154289,5.663637592,0.887229964,0.52749781,1882.394043,"{""type"":""MultiPoint"",""coordinates"":[]}",
949,0.034822144,0.024021303,3.576546152,0.738025321,0.027842719,1400.8302,"{""type"":""MultiPoint"",""coordinates"":[]}",
952,0.029796626,0.015505389,4.428444511,0.825049634,0.255769345,1695.319092,"{""type"":""MultiPoint"",""coordinates"":[]}",
954,0.048299447,0.01795527,6.072937855,0.900130393,0.733322002,2000.836182,"{""type"":""MultiPoint"",""coordinates"":[]}",
956,0.025165578,0.01016474,8.100161228,0.915001854,0.675303413,2294.992676,"{""type"":""MultiPoint"",""coordinates"":[]}",
957,0.027484192,0.015960952,4.869405792,0.819931881,0.239660715,1699.915527,"{""type"":""MultiPoint"",""coordinates"":[]}",
958,0.051110044,0.062440999,1.255928607,0.297395821,-0.648928751,199.000824,"{""type"":""MultiPoint"",""coordinates"":[]}",
959,0.046866506,0.021032061,4.472864638,0.848431835,0.515508938,1503.636841,"{""type"":""MultiPoint"",""coordinates"":[]}",
960,0.047506947,0.019776478,5.366333821,0.877249193,0.644466229,1770.373779,"{""type"":""MultiPoint"",""coordinates"":[]}",
961,0.049245182,0.035852838,3.376508238,0.714745945,0.12875508,1224.190308,"{""type"":""MultiPoint"",""coordinates"":[]}",
962,0.030060206,0.01087995,7.980690959,0.922518895,0.740208585,2223.911377,"{""type"":""MultiPoint"",""coordinates"":[]}",
965,0.036331393,0.018185139,4.661418649,0.83754012,0.398762596,1886.283569,"{""type"":""MultiPoint"",""coordinates"":[]}",
966,0.026121272,0.012649394,3.722177397,0.81397769,0.09207618,1589.547363,"{""type"":""MultiPoint"",""coordinates"":[]}",
968,0.048794467,0.020278171,4.846452537,0.867268918,0.601057952,1759.685547,"{""type"":""MultiPoint"",""coordinates"":[]}",
969,0.031720567,0.017606623,4.804105615,0.82543169,0.316286667,1668.686035,"{""type"":""MultiPoint"",""coordinates"":[]}",
974,0.024415782,0.011128651,5.801732941,0.874393238,0.424991395,1926.414429,"{""type"":""MultiPoint"",""coordinates"":[]}",
975,0.045800269,0.036340166,4.3816396,0.743016228,0.251434554,1235.0802,"{""type"":""MultiPoint"",""coordinates"":[]}",
976,0.045672141,0.034439873,3.907883852,0.733636913,0.186632867,1221.742676,"{""type"":""MultiPoint"",""coordinates"":[]}",
978,0.047640521,0.01659723,6.505393831,0.911282264,0.770196279,2087.738281,"{""type"":""MultiPoint"",""coordinates"":[]}",
979,0.037977196,0.016484881,5.332590378,0.871702461,0.556394512,1989.183716,"{""type"":""MultiPoint"",""coordinates"":[]}",
982,0.031549633,0.014579574,5.468820079,0.866651341,0.481447852,1951.620483,"{""type"":""MultiPoint"",""coordinates"":[]}",
984,0.064151056,0.058004566,1.135312627,0.405042099,-0.511149715,618.9137573,"{""type"":""MultiPoint"",""coordinates"":[]}",
985,0.040091246,0.018320195,5.234685063,0.863423028,0.546520527,1668.319336,"{""type"":""MultiPoint"",""coordinates"":[]}",
986,0.0230006,0.013003393,4.985378617,0.827393198,0.186160717,1598.631104,"{""type"":""MultiPoint"",""coordinates"":[]}",
987,0.050306179,0.044116087,3.846088578,0.693536432,0.147916751,1134.339966,"{""type"":""MultiPoint"",""coordinates"":[]}",
989,0.02221033,0.008937815,4.858060664,0.871442065,0.308921659,1612.877563,"{""type"":""MultiPoint"",""coordinates"":[]}",
994,0.053348135,0.027410325,4.327738196,0.82408712,0.493312106,1608.857544,"{""type"":""MultiPoint"",""coordinates"":[]}",
996,0.025435975,0.011694546,6.898124135,0.889980817,0.550675898,2072.858643,"{""type"":""MultiPoint"",""coordinates"":[]}",
999,0.030481542,0.015472859,4.354427741,0.826813223,0.265135105,1590.002563,"{""type"":""MultiPoint"",""coordinates"":[]}",
