kmlName,Images
ABBY _ 20210719 _ 191207,[20210719T190919_20210719T191700_T10TER]
ABBY _ 20210719 _ 191751,"[20210716T185919_20210716T190844_T10TER, 20210719T190919_20210719T191700_T10TER]"
ABBY _ 20210719 _ 192359,[20210719T190919_20210719T191700_T10TER]
ABBY _ 20210719 _ 193006,[20210719T190919_20210719T191700_T10TER]
ABBY _ 20210719 _ 193614,[20210719T190919_20210719T191700_T10TER]
ABBY _ 20210719 _ 194204,[20210719T190919_20210719T191700_T10TER]
ABBY _ 20210719 _ 194800,[20210719T190919_20210719T191700_T10TER]
ABBY _ 20210719 _ 195342,[20210719T190919_20210719T191700_T10TER]
ABBY _ 20210719 _ 195930,[20210719T190919_20210719T191700_T10TER]
ABBY _ 20210719 _ 200519,[20210719T190919_20210719T191700_T10TER]
ABBY _ 20210719 _ 201115,[20210719T190919_20210719T191700_T10TER]
ABBY _ 20210719 _ 201700,[20210719T190919_20210719T191700_T10TER]
ABBY _ 20210719 _ 202339,"[20210716T185919_20210716T190844_T10TER, 20210719T190919_20210719T191700_T10TER]"
ABBY _ 20210724 _ 163435,[20210724T190921_20210724T191630_T10TER]
ABBY _ 20210724 _ 164416,[20210724T190921_20210724T191630_T10TER]
ABBY _ 20210724 _ 164935,[20210724T190921_20210724T191630_T10TER]
ABBY _ 20210724 _ 165503,[20210724T190921_20210724T191630_T10TER]
ABBY _ 20210724 _ 170007,[20210724T190921_20210724T191630_T10TER]
ABBY _ 20210724 _ 170523,[20210724T190921_20210724T191630_T10TER]
ABBY _ 20210724 _ 171038,[20210724T190921_20210724T191630_T10TER]
ABBY _ 20210724 _ 171602,[20210724T190921_20210724T191630_T10TER]
ABBY _ 20210724 _ 172117,[20210724T190921_20210724T191630_T10TER]
ABBY _ 20210724 _ 172647,[20210724T190921_20210724T191630_T10TER]
ABBY _ 20210724 _ 173206,[20210724T190921_20210724T191630_T10TER]
ABBY _ 20210724 _ 173740,[20210724T190921_20210724T191630_T10TER]
ABBY _ 20210724 _ 174303,[20210724T190921_20210724T191630_T10TER]
ABBY _ 20210724 _ 174836,[20210724T190921_20210724T191630_T10TER]
ABBY _ 20210724 _ 175344,[20210724T190921_20210724T191630_T10TER]
ABBY _ 20210724 _ 175928,[20210724T190921_20210724T191630_T10TER]
ABBY _ 20210724 _ 180437,[20210724T190921_20210724T191630_T10TER]
ABBY _ 20210724 _ 181014,[20210724T190921_20210724T191630_T10TER]
ABBY _ 20210724 _ 181521,[20210724T190921_20210724T191630_T10TER]
ABBY _ 20210724 _ 182050,[20210724T190921_20210724T191630_T10TER]
ABBY _ 20210724 _ 182548,[20210724T190921_20210724T191630_T10TER]
ABBY _ 20210724 _ 183125,[20210724T190921_20210724T191630_T10TER]
ABBY _ 20210724 _ 183617,[20210724T190921_20210724T191630_T10TER]
ABBY _ 20210724 _ 184155,[20210724T190921_20210724T191630_T10TER]
ABBY _ 20210724 _ 184649,[20210724T190921_20210724T191630_T10TER]
ABBY _ 20210724 _ 185208,[20210724T190921_20210724T191630_T10TER]
ABBY _ 20210724 _ 185703,[20210724T190921_20210724T191630_T10TER]
ABBY _ 20210724 _ 190219,[20210724T190921_20210724T191630_T10TER]
ABBY _ 20210724 _ 190707,[20210724T190921_20210724T191630_T10TER]
ABBY _ 20210724 _ 191241,[20210724T190921_20210724T191630_T10TER]
ABBY _ 20210724 _ 191742,[20210724T190921_20210724T191630_T10TER]
ABBY _ 20210724 _ 192313,[20210724T190921_20210724T191630_T10TER]
ABBY _ 20190714 _ 220751,null
ABBY _ 20190714 _ 221328,null
ABBY _ 20190714 _ 221907,null
ABBY _ 20190714 _ 222437,null
ABBY _ 20190714 _ 223022,null
ABBY _ 20190714 _ 223803,null
ABBY _ 20190714 _ 224341,null
ABBY _ 20190714 _ 225113,null
ABBY _ 20190714 _ 225856,null
ABBY _ 20190714 _ 230848,null
ABBY _ 20190715 _ 002900,null
ABBY _ 20190715 _ 003448,null
ABBY _ 20190715 _ 004024,null
ABBY _ 20190715 _ 004536,null
ABBY _ 20190715 _ 005133,null
ABBY _ 20190715 _ 005647,null
ABBY _ 20190715 _ 010217,null
ABBY _ 20190715 _ 010753,null
ABBY _ 20190715 _ 011341,null
ABBY _ 20190715 _ 011958,null
ABBY _ 20190715 _ 012646,null
